"yearCombine","Player","Position","Height","Weight","Wingspan","Standing Reach","Lane Agiity","Body Fat %"
2011,"Solomon Alabi","C",83.5,237.4,89,113,13.2,5
2011,"Cole Aldrich","C",81,236,88.75,111.5,11.48,8.5
2011,"Al-Farouq Aminu","SF",79.25,216,87.25,108.5,11.29,8.2
2011,"James Anderson","SF",76.75,207.6,80.5,104,11.86,7.9
2011,"Luke Babbitt","SF",79.5,217.8,83.25,104.5,10.98,5.6
2011,"Eric Bledsoe","PG",72.25,191.6,79.5,98,NA,5.6
2011,"Trevor Booker","PF",78.25,235.8,81.75,106,11.15,7.3
2011,"Craig Brackins","PF",80.5,229,84,109,11.65,7.9
2011,"Avery Bradley","SG",74,180.4,79.25,98.5,11.47,4
2011,"Derrick Caracter","PF",80.25,280,84.25,107.5,12.78,12.8
2011,"Sherron Collins","PG",70.25,217.2,74.5,94,12.31,9.2
2011,"DeMarcus Cousins","C",81.5,291.8,89.75,113,11.4,16.4
2011,"Jordan Crawford","SG",75,198.4,79,101,11.03,4.9
2011,"Ed Davis","PF",81,226.6,84,108,11.7,10
2011,"Devin Ebanks","SF",79,207.8,84.25,107.5,11.69,7.9
2011,"Derrick Favors","PF",80.75,245.2,88,110,11.74,6.5
2011,"Keith Gallon","PF",80.5,301.8,88.5,109.5,13.44,15.1
2011,"Charles Garcia","SF",80.25,231.6,85.75,107.5,11.65,7
2011,"Paul George","SF",79.75,214.4,83.25,107,NA,5
2011,"Luke Harangody","PF",78,240.2,81.5,106,11.83,11.1
2011,"Manny Harris","SG",76,185.1,79.25,102,NA,3.8
2011,"Lazar Hayward","SG",76.5,225.8,84.75,102,10.87,7.5
2011,"Gordon Hayward","SF",78.75,211,79.75,103,11.73,6.9
2011,"Xavier Henry","SG",77.25,210.2,83.25,105,11.1,4.7
2011,"Darington Hobson","SG",77.25,203.6,81.25,104.5,11.68,6.2
2011,"Damion James","SF",78.25,226.6,84.75,107,10.89,9.6
2011,"Wesley Johnson","SF",78.25,206.4,85,106,11.43,4.6
2011,"Armon Johnson","PG",74,195.2,80,99.5,11.25,5.6
2011,"Dominique Jones","SG",75.25,216,81.25,101,10.88,5.9
2011,"Jerome Jordan","C",83.5,244.2,89.25,113,NA,6.9
2011,"Sylven Landesberg","SG",76.75,210,81,100.5,11.59,11.6
2011,"Gani Lawal","PF",79.5,233.4,84,107.5,11.61,6.3
2011,"Greg Monroe","PF",81.75,246.6,86.25,108.5,12.1,11.2
2011,"Daniel Orton","C",80.75,269.2,88.25,110.5,12.32,13.8
2011,"Artsiom Parakhouski","C",82.25,268.2,85,109.5,12.07,6
2011,"Patrick Patterson","PF",80,239.6,85.25,107,11.14,5.3
2011,"Dexter Pittman","PF",81.5,302.6,90,111,NA,20.8
2011,"Andy Rautins","SG",76.25,191.6,79,100,11.27,6.2
2011,"Ryan Richards","PF",82.5,230.2,85.5,110,11.33,8
2011,"Stanley Robinson","SF",78.5,213.2,84,107.5,11.65,8.3
2011,"Larry Sanders","PF",81.25,222.4,89.75,112,12.49,4.6
2011,"Jon Scheyer","PG",76.75,180,75.25,99,NA,5.4
2011,"Lance Stephenson","SG",76.5,227,82.5,103,11.39,9.3
2011,"Mikhail Torrance","PG",76,208.8,79.5,103,11.43,7
2011,"Evan Turner","SG",77.75,213.8,80,103.5,11.06,8.6
2011,"Ekpe Udoh","PF",80.75,237.4,88.5,106.5,11.15,8
2011,"Jarvis Varnado","PF",80.25,210.2,87.5,109.5,11.61,9.5
2011,"Greivis Vasquez","PG",77,210.8,79,101,NA,8.6
2011,"John Wall","PG",74.75,195.6,81.25,101.5,10.84,5.6
2011,"Willie Warren","SG",74.5,208.4,78,99.5,11.21,7.6
2011,"Terrico White","SG",75.75,202.6,81,101,11.38,3.7
2011,"Hassan Whiteside","C",82.5,226.6,91,113,11.83,5.5
2012,"Keith Benson","C",82,217,87.75,109.5,11.88,6.1
2012,"Marshon Brooks","SG",76.25,194.6,85,101,10.74,5.2
2012,"Alec Burks","SG",77,192.6,82,103.5,10.96,5.1
2012,"Jimmy Butler","SF",78,222.2,79.5,101.5,11.12,5.4
2012,"Norris Cole","PG",72.25,174.4,74.25,95.5,10.07,4.7
2012,"Jon Diebler","SG",77.25,196.6,78,99,10.94,8.5
2012,"Michael Dunigan","PF",80.5,237.6,87.25,107.5,11.85,8
2012,"LaceDarius Dunn","SG",75,187.8,78.25,101,11.45,5.5
2012,"Kenneth Faried","PF",78,224.6,84,108,11.35,6.3
2012,"James Fredette","PG",72.75,196,76.5,96.5,10.42,7.7
2012,"Andrew Goudelock","PG",73.25,197.6,76.25,96.5,10.33,9.9
2012,"Jordan Hamilton","SF",78.75,228.4,81.5,104,11.47,9.8
2012,"Justin Harper","PF",80,228,83.75,106,11.92,4
2012,"Tobias Harris","SF",78.5,222.8,83,103.5,10.96,8.4
2012,"Tyler Honeycutt","SF",78.75,186.8,81,105,11.68,5.3
2012,"Scotty Hopson","SG",77.75,204.6,82.5,103.5,10.47,4.8
2012,"Kyrie Irving","PG",73.75,191,76,99,NA,10.2
2012,"Rick Jackson","PF",80.25,241.8,86,106.5,11.51,8.3
2012,"Charles Jenkins","PG",73.5,216.4,79.5,96.5,11.68,4.3
2012,"JaJuan Johnson","PF",81,219.8,86,107.5,11.21,7.5
2012,"Cory Joseph","PG",74,186.2,77.5,99,10.75,9.7
2012,"Enes Kanter","PF",81.75,259.2,85.5,109.5,11.3,5.9
2012,"Brandon Knight","PG",73.5,176.8,78.75,98.5,10.74,4.2
2012,"Malcolm Lee","SG",76,198.2,81.75,101.5,11.2,5.9
2012,"Kawhi Leonard","SF",78,227.4,87,106,11.45,5.4
2012,"Travis Leslie","SG",75,205,82.5,103,11,8.1
2012,"Jon Leuer","PF",82,223.2,84,105.5,10.82,5.4
2012,"DeAndre Liggins","SF",77,202.2,83,103.5,NA,5
2012,"David Lighty","SG",76.75,216.2,80,101,10.81,6.5
2012,"Shelvin Mack","PG",73,209,79.5,96.5,11.23,7.1
2012,"Demetri McCamey","PG",73.75,204,78.25,99.5,11.55,6.1
2012,"E'Twaun Moore","SG",74.5,191.4,81.5,99.5,11.12,7.6
2012,"Marcus Morris","PF",79,229.6,82,105.5,NA,8
2012,"Markieff Morris","PF",79.75,240.8,82.75,106.5,NA,10.2
2012,"Darius Morris","PG",75.25,190,79.5,102,11,5.3
2012,"Chandler Parsons","SF",80.75,221.2,81.5,104.5,11.05,7
2012,"Jereme Richmond","SF",78,207.2,82.25,106.5,11.74,5.5
2012,"Josh Selby","SG",73.75,194.6,77.25,98,11.13,7.9
2012,"Iman Shumpert","PG",76.25,221.8,81.5,99.5,11.1,6.5
2012,"Kyle Singler","SF",79.5,228,82.1,106,11.22,10
2012,"Chris Singleton","SF",79.75,230.2,85,103.5,11.33,7.4
2012,"Jamie Skeen","PF",78.5,241.6,85.25,106.5,12.43,9.8
2012,"Nolan Smith","PG",73.5,187.6,77.5,99,11.05,5.6
2012,"Gregory Smith","PF",80,252.8,86.5,106.5,12.43,7.4
2012,"Malcolm Thomas","PF",79.5,223,84.5,107.5,11.31,5.9
2012,"Isaiah Thomas","PG",68.75,186,73.75,91.5,10.49,6.7
2012,"Trey Thompkins","PF",80.5,239,85,107.5,11.72,15.5
2012,"Tristan Thompson","PF",79.5,227.4,85.25,108.5,10.92,6.2
2012,"Klay Thompson","SG",77.75,205.6,81,103.5,10.99,8
2012,"Jeremy Tyler","PF",81,262.4,89,110.5,11.26,13.4
2012,"Nikola Vucevic","PF",82.25,259.8,88.5,112.5,12.02,6.1
2012,"Kemba Walker","PG",71.5,184,75.5,91.5,10.87,5.9
2012,"Jordan Williams","PF",79.75,247.2,84.25,106.5,12.74,12.1
2012,"Derrick Williams","PF",79.25,248.4,85.5,108,11.03,10.8
2013,"Quincy Acy","PF",78.5,223.8,86.75,106.5,10.48,7.1
2013,"Harrison Barnes","SF",79,227.8,83.25,101.5,10.93,9.6
2013,"Will Barton","SG",77,174.4,81.75,102.5,12.5,4.1
2013,"Bradley Beal","SG",75.25,201.8,80,100,10.95,6
2013,"J'Covan Brown","PG",73,202.4,77.25,96,11.68,12.5
2013,"William Buford","SG",76,214.6,81.5,102,11.4,11.3
2013,"Jae Crowder","SF",76.75,241.2,81.25,99.5,11.45,9
2013,"Jared Cunningham","SG",75.5,187.6,78.5,98,NA,3.6
2013,"Anthony Davis","PF",81.25,221.8,89.5,108,NA,7.9
2013,"Marcus Denmon","SG",74.25,188.2,77,94.5,10.82,6.6
2013,"Andre Drummond","C",81.75,278.6,90.25,109.5,10.83,7.5
2013,"Kim English","SG",76.5,192,78.5,98,10.59,4.3
2013,"Festus Ezeli","C",81.75,264.2,89.75,108,12.35,5.5
2013,"Drew Gordon","PF",80,239,83.5,103.5,11.35,9.1
2013,"JaMychal Green","PF",80,217.4,86.25,106.5,10.63,9.8
2013,"Draymond Green","PF",77.75,235.6,85.25,105,11.01,11.3
2013,"Maurice Harkless","SF",79.25,206.6,84,102.5,10.87,5.3
2013,"John Henson","PF",81,216,89,112,NA,8.6
2013,"Tu Holloway","PG",70.5,186.8,77.5,94.5,11,8.5
2013,"Robbie Hummel","SF",79.25,218,80.5,102,11.56,9.4
2013,"Bernard James","PF",80.75,229.8,87,108.5,11.84,5
2013,"John Jenkins","SG",75.25,212,80.5,98,11.36,7.1
2013,"Orlando Johnson","SG",75.75,223.8,83.25,99,10.98,7
2013,"Darius Johnson-Odom","SG",73.5,212,79,96,10.76,7
2013,"Terrence Jones","PF",80.25,252,86.25,107,11.57,7.7
2013,"Kevin Jones","PF",78.25,251.2,85.5,105,11.94,11.2
2013,"Perry Jones","PF",82.25,233.8,85.75,107,11.31,4.6
2013,"Kris Joseph","SG",78,215,83,104,NA,8.6
2013,"Michael Kidd-Gilchrist","SF",77.75,232.8,84,104.5,11.77,7
2013,"Doron Lamb","SG",75.25,199.4,78.75,98.5,11.12,6.7
2013,"Jeremy Lamb","SG",76,179.2,83,102,10.98,4.5
2013,"Meyers Leonard","C",83.75,249.8,87,108,11.34,5.7
2013,"Damian Lillard","PG",73.75,188.8,79.75,95.5,11.15,5.9
2013,"Scott Machado","PG",73,205.8,76,94.5,11.26,5.8
2013,"Kendall Marshall","PG",75.25,198.4,77.5,96,12.03,7.8
2013,"Fab Melo","C",82.75,255,86.5,110,12.14,9.2
2013,"Khris Middleton","SF",78.75,216.2,82.75,103,11.45,7.8
2013,"Darius Miller","SF",78,233.4,81,101,11.34,7.5
2013,"Quincy Miller","SF",80.75,218.7,85.25,105,11.05,7.8
2013,"Tony Mitchell","SG",77.25,216.4,82,100,11.72,5.7
2013,"Arnett Moultrie","PF",81.5,232.8,86.25,106.5,11.32,7.7
2013,"Kevin Murphy","SG",77,194,78.75,99,10.97,5.8
2013,"Andrew Nicholson","PF",80.5,234,88,107,11.89,7.6
2013,"Kyle O'Quinn","PF",80.5,240.8,88.75,106.5,11.65,8
2013,"Miles Plumlee","PF",82.5,252.4,84.75,105.5,10.64,11.4
2013,"Austin Rivers","SG",75.5,202.8,79.25,96.5,11.54,6.2
2013,"Thomas Robinson","PF",79.75,244.2,87.25,106,11.96,5
2013,"Terrence Ross","SG",78,196.6,79.25,100.5,11.78,3.2
2013,"Tomas Satoransky","PG",78.5,200.6,79.25,100,NA,5.2
2013,"Mike Scott","PF",79.25,240.8,82.75,104,11.59,10.6
2013,"Henry Sims","C",82,241.2,88,108,12.33,7.7
2013,"Jared Sullinger","PF",79.75,268.2,85.25,105.5,12.77,10.7
2013,"Tyshawn Taylor","PG",74.75,177,78.25,97.5,11.48,4.2
2013,"Jordan Taylor","PG",73,192.8,75,92.5,10.57,5.5
2013,"Jeff Taylor","SF",78,212.8,78.25,101.5,10.87,4.2
2013,"Marquis Teague","PG",73,179.8,79.25,96.5,10.65,6.3
2013,"Hollis Thompson","SF",78.75,206,81.5,102.5,11.72,6
2013,"Dion Waiters","SG",74.5,221,79.25,98,NA,8.5
2013,"Royce White","PF",79,260.6,84,104.5,NA,10.6
2013,"Tony Wroten","PG",76.75,203.2,81,101,10.75,5.2
2013,"Tyler Zeller","PF",83.25,247.4,84,104.5,11.13,6.4
2014,"Steven Adams","C",82.75,254.5,88.5,109.5,11.85,6.65
2014,"Vander Blue","SG",75.5,197.4,78,100.5,10.4,4.6
2014,"Lorenzo Brown","PG",76,189.2,79,100,11.78,3.95
2014,"Reggie Bullock","SG",77.75,199.8,80.75,102,11.33,6.95
2014,"Trey Burke","PG",71.75,187,77.5,97.5,11.2,6.9
2014,"Kentavious Caldwell-Pope","SG",76.5,203.6,80,100.5,10.6,6.45
2014,"Isaiah Canaan","PG",71,188.4,76.5,94.5,10.98,5.9
2014,"Jackie Carmichael","PF",79.5,241.2,85.5,107,11.83,5.8
2014,"Michael Carter-Williams","PG",76.75,184.4,79.25,101,10.68,4.4
2014,"Will Clyburn","SF",77.75,210.4,84.25,105,11.68,6.85
2014,"Robert Covington","SF",78.25,208.6,85.75,106,11.69,4.7
2014,"Allen Crabbe","SG",77.25,197.4,83.25,103.5,10.67,4.65
2014,"Seth Curry","SG",73,179.2,76,97.5,NA,9.6
2014,"Brandon Davies","PF",80.5,241.8,85.5,108.5,11.22,8.6
2014,"Dewayne Dedmon","C",82,238.8,88,109,12.75,8.35
2014,"Gorgui Dieng","C",81.75,229.6,87.5,111.5,NA,5.35
2014,"James Ennis","SF",77.75,200.8,83.5,104.5,11.55,4.5
2014,"Carrick Felix","SF",76.75,202.6,81.25,103.5,11.16,3.3
2014,"Jamaal Franklin","SG",76,190.8,83.25,103.5,NA,8.25
2014,"Rudy Gobert","C",84.5,237.6,92.5,115,12.85,4.4
2014,"Archie Goodwin","SG",75.75,189,81.5,102,10.75,4.55
2014,"Erick Green","PG",73.5,178.2,77.75,98,NA,4.35
2014,"Tim Hardaway Jr.","SG",76.5,199.4,79,101,10.68,6.05
2014,"Solomon Hill","SF",77.5,226,81,103,10.77,7.6
2014,"Richard Howell","PF",78.25,249.6,82.25,105.5,NA,8.75
2014,"Colton Iverson","C",82.5,262.8,86,110,11.52,9.6
2014,"Pierre Jackson","PG",69.5,176,70,90,NA,4.5
2014,"Grant Jerrett","PF",80.75,232,86,109,11.85,10.05
2014,"Myck Kabongo","PG",73.25,180.4,78.25,98,10.64,6
2014,"Kenny Kadji","PF",80.75,241.6,87,106.5,11.47,7.45
2014,"Ryan Kelly","PF",81.75,228,83.5,110,NA,14.75
2014,"Shane Larkin","PG",70.25,170.8,70.75,89.5,10.64,3.8
2014,"Ricky Ledo","SG",76.75,197.2,79.25,102.5,10.72,10.25
2014,"Alex Len","C",NA,NA,87.5,NA,NA,6.4
2014,"CJ Leslie","PF",79.5,209.2,86.25,104.5,10.19,7.95
2014,"Trevor Mbakwe","PF",78.75,235.8,88,106.5,12.01,5.9
2014,"Ray McCallum","PG",72.25,191.4,75.25,96.5,10.82,7.3
2014,"CJ McCollum","PG",74.25,197,78.25,96.5,11.02,8.6
2014,"Ben McLemore","SG",75.5,189.2,79.75,100.5,11.87,5
2014,"Tony Mitchell","PF",79.5,236.4,86.5,106.5,11.82,5.55
2014,"Shabazz Muhammad","SF",76.75,221.8,83,104.5,10.99,9
2014,"Erik Murphy","PF",80.75,239.8,82.5,108,12.19,7.95
2014,"Mike Muscala","C",82.25,230.2,85,108,11.76,6.8
2014,"Nerlens Noel","C",82,206.4,87.75,110,NA,4.15
2014,"Victor Oladipo","SG",75.25,213.2,81.25,100.5,10.69,6.55
2014,"Kelly Olynyk","PF",82.75,234,81.75,108,11.42,6.65
2014,"Brandon Paul","SG",74.75,201,82.25,98,11.16,5.25
2014,"Norvel Pelle","PF",81.5,207.2,86.5,109,11.49,5.15
2014,"Mason Plumlee","C",83.25,238.2,83,108,10.89,6.15
2014,"Otto Porter","SF",79.5,197.6,85.5,105.5,11.25,6.65
2014,"Phil Pressey","PG",69.5,177,74.25,92,10.86,4.7
2014,"Glen Rice","SF",76.5,210.8,81.25,101.5,10.99,8.45
2014,"Andre Roberson","PF",78.25,205.8,83,104.5,11.36,7.05
2014,"Dennis Schroder","PG",73,164.8,79.75,98,11.09,4.1
2014,"Peyton Siva","PG",71.5,180.6,75,93,10.59,6.05
2014,"Tony Snell","SF",78,198.2,83.5,105.5,11.36,4.85
2014,"James Southerland","SF",79,220.6,85,106,10.9,8.05
2014,"Adonis Thomas","SF",76.75,231.8,85,99,11.64,7.5
2014,"Deshaun Thomas","SF",77,219.8,82,104,12.94,9.1
2014,"Jeff Withey","C",82.75,221.8,86,110.5,12.49,8.65
2014,"Nate Wolters","PG",75.5,196.4,75.75,98,NA,5.5
2014,"BJ Young","SG",74.25,178.8,80.25,99,NA,4.7
2014,"Cody Zeller","C",82.75,230,82.75,106,10.82,4.75
2015,"Jordan Adams","SG",75.5,208.8,82,102,12.13,10.8
2015,"Kyle Anderson","SF",79.5,230.1,86.75,107.5,NA,13.35
2015,"Thanasis Antetokounmpo","SF",77.25,205.2,84,104.5,11.39,6.05
2015,"Jordan Bachynski","PF",85.25,254.1,88,108.5,12.15,7.45
2015,"Cameron Bairstow","PF",80.75,252.4,84.75,107,11.39,8.7
2015,"Khem Birch","PF",79.5,208.8,85,107,11.6,6
2015,"Alec Brown","PF",84.25,231.2,85.5,109,12.05,7.7
2015,"Markel Brown","SG",74.5,184.4,80.75,100,12.62,4.2
2015,"Jabari Brown","SG",75,201.9,80.25,100,11.6,6.05
2015,"Deonte Burton","PG",72,192.8,79,97.5,11.28,7.65
2015,"Semaj Christon","PG",73.5,186,78.5,99,11.55,5.25
2015,"Jordan Clarkson","PG",75.25,186.3,80,98,10.76,4.3
2015,"Aaron Craft","PG",72.75,191.6,74,94.5,10.78,6.1
2015,"DeAndre Daniels","SF",79.25,196,86,106.5,11.46,3.85
2015,"Spencer Dinwiddie","PG",76.5,204.9,80.25,103,NA,5.35
2015,"Cleanthony Early","SF",78,209.4,82.75,101.5,11.15,4.45
2015,"Melvin Ejim","SF",77.25,218.5,83.25,103.5,11.55,6.45
2015,"Tyler Ennis","PG",73,181.5,79.25,98,11.12,6.2
2015,"Dante Exum","SG",76.5,196.3,81.5,103,10.75,6.4
2015,"C.J. Fair","SF",78.5,218.1,81.5,104,11,5.05
2015,"Aaron Gordon","PF",79.5,220.1,83.75,105,10.81,5.05
2015,"Jerami Grant","SF",78.5,214,86.75,107,NA,3.75
2015,"P.J. Hairston","SG",76.25,228.8,81,101,11.12,8.2
2015,"Gary Harris","SG",74.5,204.8,78.75,96,NA,4.55
2015,"Joe Harris","SG",76.75,215,78,100,11.11,6.2
2015,"Rodney Hood","SF",79.25,208.2,80.5,103,11.21,7.45
2015,"Cory Jefferson","PF",79.75,218.4,84.5,105,12.63,5.25
2015,"Nick Johnson","SG",73.5,198,79.25,96.5,10.8,6.05
2015,"Sean Kilpatrick","SG",74.5,218.7,79,99,NA,9.2
2015,"Alex Kirk","PF",81.25,252,87.5,109.5,11.2,13.6
2015,"Zach LaVine","PG",76.5,180.9,80.25,100,10.42,4.7
2015,"Devyn Marble","SG",77,192.4,81,102,11.32,6.9
2015,"James McAdoo","PF",79.5,227.6,86.25,106.5,11.61,6.15
2015,"K.J. McDaniels","SF",76.5,195.6,83.25,102,12.71,4.45
2015,"Doug McDermott","SF",78.25,218,81.25,103,11.1,7.1
2015,"Jordan McRae","SG",75.75,179.4,84.5,104,11.07,5.2
2015,"Shabazz Napier","PG",71,175.2,75.25,93,11.6,7.35
2015,"Johnny O?Bryant III","PF",79.25,256.8,86.25,105,11.57,10.75
2015,"Lamar Patterson","SG",76,226,83,101,11.63,10.75
2015,"Adreian Payne","PF",81,238.5,88,109,NA,7.55
2015,"Elfrid Payton","PG",74.5,185.4,80,98.5,11.06,5.65
2015,"Dwight Powell","PF",81.5,234.4,84.5,105,11.28,6.2
2015,"Julius Randle","PF",79.75,249.7,84,105.5,11.45,9.4
2015,"Glenn Robinson III","SF",77.5,211.4,82,100.5,11.22,5.05
2015,"LaQuinton Ross","SF",78.5,238.7,85.75,106,11.97,16.3
2015,"Marcus Smart","PG",74,227.2,81.25,99,10.82,10.55
2015,"Russ Smith","PG",71.5,160,75.5,95,11.57,3.5
2015,"Nik Stauskas","SG",77.25,206.9,79.75,102,10.79,12.05
2015,"Jarnell Stokes","PF",79,262.8,85.25,103.5,11.92,8.2
2015,"Xavier Thames","PG",74.25,187,76,96,11.48,6.4
2015,"Noah Vonleh","PF",80,247.1,88.25,108,11.45,7.3
2015,"T.J. Warren","SF",79,220.2,82.25,104,11.1,7.95
2015,"C.J. Wilcox","SG",75.5,201,81.75,100.5,11.3,6.5
2015,"Kendall Williams","PG",74.25,183,77.5,99,10.83,7.2
2015,"Patric Young","PF",80.5,246.8,85.75,103.5,11.18,5.45
2015,"James Young","SG",77.25,213.3,84,104,NA,5.1
2016,"Cliff Alexander","PF",79.25,239.2,87.5,109.5,NA,5.8
2016,"Justin Anderson","SF",77.25,230.6,83.75,101,11.13,5
2016,"Brandon Ashley","PF",79.25,228,87.75,105,11.21,8.8
2016,"Ryan Boatright","PG",70,169.6,72.5,92.5,10.71,6.6
2016,"Devin Booker","SG",76.5,205.8,80.25,102.5,10.27,8.3
2016,"Anthony Brown","SF",77.75,211,83,104.5,10.94,6.1
2016,"Willie Cauley-Stein","C",83.25,242.4,87,111,NA,6.3
2016,"Rakeem Christmas","PF",80.25,242.6,89.25,110.5,11.6,9.6
2016,"Pat Connaughton","SG",76,215,80,96,10.58,10.2
2016,"Quinn Cook","PG",72.25,179,76,96.5,11.44,6.7
2016,"Branden Dawson","PF",77.5,230.2,83,105,12.22,5.8
2016,"Sam Dekker","SF",79.75,218.6,83.5,106,10.64,7.5
2016,"Michael Frazier II","SG",75.75,199.4,80,101.5,10.66,7.4
2016,"Treveon Graham","SF",76,219.4,82.5,103,11.64,5.5
2016,"Jerian Grant","PG",75.25,198,79.5,100,NA,5.6
2016,"Olivier Hanlan","PG",75.25,185.8,78,100,11.41,4.3
2016,"Montrezl Harrell","PF",79,253.4,88.25,109,NA,11.9
2016,"Andrew Harrison","PG",76.5,213.2,81,100,11.2,5.9
2016,"Aaron Harrison","SG",76.5,209.2,80.25,100.5,NA,6
2016,"Tyler Harvey","SG",74.75,181.4,77.5,98.5,10.56,9.2
2016,"Corey Hawkins","SG",72.75,191.8,80,99.5,10.81,5.5
2016,"Rondae Hollis-Jefferson","SF",77.5,210.8,86,104,10.41,5
2016,"Richaun Holmes","PF",80.25,242.8,85.5,108,11.24,8.8
2016,"Jonathan Holmes","PF",80.25,242.2,83.5,107.5,10.95,7.2
2016,"R.J. Hunter","SG",76.5,185,82.5,104,10.87,6
2016,"Vince Hunter","PF",78.75,208.4,83,104.5,11.19,4.6
2016,"Dakari Johnson","C",83,264.6,86,112,11.76,14.9
2016,"Stanley Johnson","SF",77,241.8,83.5,102,NA,7.5
2016,"Tyus Jones","PG",72.5,184.6,77,97,11.84,6.5
2016,"Frank Kaminsky","C",83.75,231.2,83,109.5,NA,9.4
2016,"Kevon Looney","PF",80,222.4,87.5,110,NA,11.9
2016,"Trey Lyles","PF",81,241.2,85.5,108,NA,12.1
2016,"Jarell Martin","PF",80,238.6,81,106.5,11.2,10.1
2016,"TJ McConnell","PG",72.5,187.8,74,96.5,10.95,7.3
2016,"Chris McCullough","PF",80.25,199,87.25,109,NA,6.2
2016,"Jordan Mickey","PF",79,238,87.25,106,11.72,7.2
2016,"Larry Nance","PF",79.5,226.6,85.5,108,10.93,6.4
2016,"Kelly Oubre","SF",77.75,202.8,86.25,102.5,11.09,5.7
2016,"Cameron Payne","PG",72.75,182.8,79.25,97.5,10.9,6.3
2016,"Terran Petteway","SG",76.75,209.2,83.25,104.5,10.91,4.9
2016,"Bobby Portis","PF",81.5,246.2,86,108.5,11.78,8.9
2016,"Norman Powell","SG",75,215.4,82.75,102.5,10.69,6.4
2016,"Michael Qualls","SG",76,201.4,84.25,104.5,11.88,4
2016,"Chasson Randle","PG",72.25,178.8,79,96.5,10.63,4.5
2016,"Terry Rozier","PG",72.5,190.2,80.25,98.5,10.84,5.6
2016,"D?Angelo Russell","PG",75.25,193.4,81.75,102,NA,8.3
2016,"Keifer Sykes","PG",70.5,167.2,74,93,10.47,5
2016,"Marcus Thornton","PG",73.75,177.4,79.75,97.5,10.78,5.3
2016,"J.P. Tokoto","SF",77.25,195.8,82,100.5,10.97,4.1
2016,"Myles Turner","C",81.75,238.6,88,112,NA,9.3
2016,"Robert Upshaw","C",82.75,258.2,89.5,113,NA,12.5
2016,"Rashad Vaughn","SG",75.75,198.6,79,101,11.4,6.2
2016,"Chris Walker","PF",80.75,208,86.75,108,11.25,5.1
2016,"Dez Wells","SG",75,208.8,81.5,100.5,10.56,8.1
2016,"Alan Williams","PF",79.25,261.4,85.75,106.5,12.26,12
2016,"Justise Winslow","SF",76.5,221.8,82.25,104.5,NA,5.3
2016,"Christian Wood","PF",81.25,216,87.25,111.5,NA,14.7
2016,"Delon Wright","PG",76.25,181.4,79.5,101.5,11.16,6.6
2017,"Ron Baker","SG",75.25,212.4,81.75,97.5,10.77,7.85
2017,"Wade Baldwin IV","PG",74.5,201.8,83.25,100,10.45,5.2
2017,"Cat Barber","PG",73.5,173,77.5,95.5,NA,4.5
2017,"Malik Beasley","SG",75.5,189.8,79,100.5,NA,6.9
2017,"DeAndre Bembry","SG",76.25,206.6,81.25,101,10.9,7
2017,"Ben Bentil","PF",79.25,229.2,85.5,105,11.16,9.7
2017,"Jaron Blossomgame","SF",78.25,213.6,82,102,11.53,5.25
2017,"Joel Bolomboy","PF",79.5,224.4,85.75,103.5,10.26,5.15
2017,"Malcolm Brogdon","SG",75.75,223,82.5,98,10.77,5.4
2017,"Jaylen Brown","SG",77.25,222.8,83.75,102.5,NA,5.05
2017,"Marquese Chriss","PF",80.75,233,84.25,105,11.93,8.5
2017,"Elgin Cook","SF",77,209.8,82,100.5,NA,6.35
2017,"Isaiah Cousins","PG",75.25,194,78.25,98.5,10.79,4.8
2017,"Deyonta Davis","PF",81.25,237.2,86.5,108.5,NA,9.7
2017,"Cheick Diallo","PF",79.5,218.6,88.5,107.5,11.24,5.6
2017,"Kris Dunn","PG",75,NA,81.5,100,NA,NA
2017,"Henry Ellenson","PF",82,242,86.25,108,NA,11.2
2017,"Perry Ellis","PF",79,217.8,82.25,102,10.73,4.6
2017,"Kay Felder","PG",68.25,177.2,74.5,88.5,11.52,5.8
2017,"Dorian Finney-Smith","SF",78.5,212.6,83.75,105.5,11.01,6.45
2017,"Michael Gbinije","SG",77.5,204.6,79.5,101,11,5.4
2017,"Daniel Hamilton","SG",78.25,197,81,103.5,11.48,5.95
2017,"Josh Hart","SG",76,203.6,80.5,99.5,11.15,5.75
2017,"Nigel Hayes","SF",78.25,245,87,107.5,12.11,10.9
2017,"Buddy Hield","SG",75.75,212.4,81.25,101,NA,6.1
2017,"Justin Jackson","SF",79,193.4,82.75,103.5,11.32,7.6
2017,"Demetrius Jackson","PG",72,193.8,77.5,93,10.81,6.5
2017,"Brice Johnson","PF",81,208.6,84.5,106.5,11.88,7.5
2017,"Damian Jones","C",82.25,243.6,87.75,107,11.35,6.55
2017,"Skal Labissiere","PF",82.5,215.8,86.5,105.5,NA,5.7
2017,"Jake Layman","SF",80,208.6,81.25,102,11.35,7.1
2017,"Caris LeVert","SG",77.75,191,82,101,NA,7.55
2017,"Marcus Lee","PF",81,211,87,107.5,11.68,5.35
2017,"Thon Maker","PF",83.75,216,87,110.5,11.15,6.05
2017,"Patrick McCaw","PG",77.25,180.8,82,100.5,11.01,4.7
2017,"Malik Newman","SG",74.25,182.2,77.75,97.5,10.88,5.6
2017,"Georges Niang","PF",78.75,230.8,82,103,11.64,10.05
2017,"Chinanu Onuaku","C",81,245.2,86.75,108.5,11.65,8.55
2017,"Marcus Paige","PG",72.5,163.8,78.25,97,10.82,4.3
2017,"Gary Payton II","PG",74,183.8,80,99.5,11.57,3.95
2017,"Jakob Poeltl","C",84.25,239,86.75,111.5,NA,5.8
2017,"Taurean Prince","SF",78.5,220.2,83.5,102,10.96,6.45
2017,"Zhou Qi","PF",85.25,218.2,91.75,112.5,11.27,4.85
2017,"Malachi Richardson","SG",76.75,199.6,84,101.5,10.56,7
2017,"Wayne Selden","SG",76.25,232.4,82.5,101,NA,7.3
2017,"Pascal Siakam","PF",80.25,226.6,87.25,107.5,11.25,5.2
2017,"Diamond Stone","C",81,254.4,86.75,108.5,12.02,12.85
2017,"Caleb Swanigan","PF",79.5,246.6,87.5,107,12.8,12.55
2017,"Melo Trimble","PG",73.25,191.8,74,92.5,10.57,8.35
2017,"Tyler Ulis","PG",68.75,149.2,74,88.5,10.8,5.2
2017,"Jarrod Uthoff","PF",80.5,214.4,83.5,104,11.52,6
2017,"Denzel Valentine","SG",76,210.4,82.75,102,10.51,9.2
2017,"Isaiah Whitehead","PG",75.25,210,80.75,100,11.65,9.25
2017,"Troy Williams","SF",77.75,217.8,80.25,102,10.72,10
2017,"Kyle Wiltjer","PF",80.75,242.8,84.25,102.5,11.35,15.25
2017,"Stephen Zimmerman","C",82.25,234,87.25,108.5,12.08,11.15
2018,"Edrice Adebayo","PF",80.75,242.6,86.75,108,11.94,5.2
2018,"Rawle Alkins","SG",74.5,222.6,80.75,99,11.99,11
2018,"Jarrett Allen","C",81,233.6,89.25,109.5,11.82,7.4
2018,"Kadeem Allen","PG",73,192.4,81.25,99.5,11.24,6.4
2018,"Ike Anigbogu","C",80.5,252.2,90.25,110.5,12.52,5.4
2018,"OG Anunoby","SF",78.25,232.4,86.25,107.5,NA,6.8
2018,"Jamel Artis","SG",77.5,213.2,82,105,11.62,11.9
2018,"Dwayne Bacon","SG",76.75,221.6,82,103.5,11.7,7.9
2018,"V.J. Beachem","SG",78.25,193.4,82.25,104.5,11.18,6.8
2018,"Jordan Bell","PF",79,223.6,83.75,104.5,10.63,5.4
2018,"Jaron Blossomgame","SF",77.75,218.6,82,104.5,11.47,5.7
2018,"Chris Boucher","PF",80,182.2,88,110.5,NA,5.4
2018,"Tony Bradley","C",81.25,248.8,89,112.5,11.79,12
2018,"Isaiah Briscoe","PG",73.25,222.4,81,99.5,10.95,11
2018,"Dillon Brooks","SG",77,220.2,78,100.5,11.14,7.5
2018,"Thomas Bryant","PF",81.5,247.8,90,112.5,11.42,9.4
2018,"Zach Collins","PF",82.25,232.2,85,111,NA,8.9
2018,"John Collins","PF",80.25,225.2,83.25,106.5,11.66,5.4
2018,"Hamidou Diallo","SG",75.75,197.4,83.25,101.5,10.88,5.2
2018,"Tyler Dorsey","SG",75,182.6,77.25,99.5,10.55,4.7
2018,"Damyean Dotson","SG",76.5,205.2,81,100,11.18,5.3
2018,"PJ Dozier","SG",77.25,200.6,83,101,10.84,6.1
2018,"Jawun Evans","PG",70.75,185.2,77.5,95,11.34,9.1
2018,"Terrance Ferguson","SG",77.5,184.4,80.75,103,11.16,5.8
2018,"De?Aaron Fox","PG",74,169.6,78.5,100,NA,4.5
2018,"Markelle Fultz","PG",NA,NA,NA,NA,NA,NA
2018,"Harry Giles","PF",81.25,232,87.25,109.5,11.08,5.2
2018,"Josh Hart","SG",75.75,209.2,80.25,101,11.15,5.8
2018,"Nigel Hayes","PF",78.25,254.2,87.25,104.5,11.81,11.5
2018,"Isaiah Hicks","PF",79.25,233.4,84.5,105,12.31,7.7
2018,"Wesley Iwundu","SG",77.5,193.4,85,105.5,11.25,4
2018,"Frank Jackson","PG",74,201.6,79.5,98,10.94,6.7
2018,"Justin Jackson (UMD)","SF",77.75,219.4,87.25,107,11.78,7.1
2018,"Justin Jackson (UNC)","SF",79,200.8,83,104.5,10.8,8.1
2018,"Peter Jok","SG",76.25,202.4,80,102,11.34,11
2018,"Luke Kennard","SG",76.5,196.2,77.25,98.5,NA,6.6
2018,"Kyle Kuzma","SF",80,222.6,84.25,107.5,10.72,9.4
2018,"TJ Leaf","PF",80.75,222.2,83,107,11.55,6.8
2018,"Tyler Lydon","PF",80.25,215,84,107.5,11.68,13.6
2018,"Frank Mason III","PG",71,188.8,75.25,94,11.41,4.3
2018,"Kennedy Meeks","C",80.75,276.6,85,106,12.91,11.5
2018,"Donovan Mitchell","SG",73.25,211.4,82,97,11.53,5.9
2018,"Monte Morris","PG",73.25,175.2,76,96.5,11,6.9
2018,"Johnathan Motley","PF",79.75,238.2,88,108,NA,NA
2018,"Svi Mykhailiuk","SG",78.5,219.6,77,100,12.4,11.4
2018,"Semi Ojeleye","SF",77.25,241.4,81.75,102,10.58,5.5
2018,"Cameron Oliver","PF",79,238.6,85.25,106.5,12.17,7.7
2018,"Justin Patton","C",82,229,87,111.5,11.8,7.8
2018,"Alec Peters","PF",79.25,232,82.75,105,NA,8.8
2018,"Ivan Rabb","PF",80.75,219.6,85.5,109,12.68,6.8
2018,"Davon Reed","SG",76.5,206.2,84,102,11.37,6.5
2018,"Devin Robinson","SF",79,189.6,84.75,106,12.85,3.2
2018,"Kobi Simmons","PG",75.25,166.2,78,99,11.15,5
2018,"Edmond Sumner","PG",76,176.4,81,102.5,NA,8.3
2018,"Caleb Swanigan","PF",79.5,245.6,87,108,NA,NA
2018,"Sindarius Thornwell","SG",75.5,211.6,82,103,11.48,7.8
2018,"Melo Trimble","PG",73.25,195.2,74,95.5,10.75,10.6
2018,"Moritz Wagner","PF",82,231.2,84,108,12,6.7
2018,"Derrick Walton Jr.","PG",71,188.6,74.5,95,11.28,5.8
2018,"Thomas Welsh","PF",83.5,254,84,109.5,NA,10.9
2018,"Derrick White","PG",75.25,189.8,79.5,101.5,10.84,6.2
2018,"Nigel Williams-Goss","PG",73.5,190.2,79.25,99,10.42,5.6
2018,"D.J. Wilson","PF",80.75,234.4,87,109.5,NA,6.4
2018,"Omer Yurtseven","C",82.5,248.4,85,108.5,12.85,7.6
2019,"Rawle Alkins","SG",74.75,217.4,80.75,99,11.5,8.9
2019,"Grayson Allen","SG",75,198,79.25,97,10.31,5.55
2019,"Kostas Antetokounmpo","PF",81,194.8,86.25,110,12.48,5
2019,"Udoka Azubuike","C",82,273.8,91,112.5,12.97,7.95
2019,"Mohamed Bamba","C",83.25,225.6,94,115.5,NA,6.2
2019,"Jaylen Barford","PG",73.25,207.6,75.5,96.5,11.39,11.65
2019,"Keita Bates-Diop","SG",79.25,223.8,87.25,106.5,11.2,5.35
2019,"Tyus Battle","SG",77,200.2,81,102,11.04,4
2019,"Brian Bowen","SG",78.25,202,82.25,103.5,11.58,7.6
2019,"Miles Bridges","SF",77.25,220.4,81.5,103.5,NA,5.9
2019,"Bruce Brown","SG",75.5,194.6,81,98.5,11.11,3.75
2019,"Troy Brown","SF",77.75,208,82.25,105,11.51,7.05
2019,"Jalen Brunson","PG",73,198.4,76,96,10.59,6.7
2019,"Tony Carr","PG",75,198.8,80.25,100,11.89,6.5
2019,"Jevon Carter","PG",72.25,196.2,76.25,95,11.04,4.15
2019,"Wendell Carter","C",80.75,251.4,88.5,109,NA,7.85
2019,"Donte DiVincenzo","SG",75.5,200.6,78,97.5,10.72,5
2019,"Hamidou Diallo","SG",76.25,197,83.5,103,10.53,4.45
2019,"Trevon Duval","PG",73.5,191,80.25,97.5,10.93,5.2
2019,"Carsen Edwards","PG",70.75,195.6,78.25,94.5,11.59,6.3
2019,"Keenan Evans","PG",73.5,183.2,77.25,98,NA,6.5
2019,"Jacob Evans","SG",76.25,199.6,81.25,102.5,11.11,6.5
2019,"Bruno Fernando","C",80.75,233.2,88.25,109,12.19,5.25
2019,"Melvin Frazier","SF",76.5,198.2,85.75,105,11.24,7.9
2019,"Shai Gilgeous-Alexander","PG",76.5,180,83.5,104,NA,3
2019,"Devonte Graham","PG",72.25,186.4,78.25,96,11.28,4.8
2019,"Isaac Haas","C",85.25,303,89,111.5,NA,12.55
2019,"Devon Hall","SG",76.25,206.4,79.75,102,10.95,8.45
2019,"Jaylen Hands","PG",73.5,179,77.5,98,12.11,5
2019,"Kevin Hervey","PF",78.5,211.6,87.5,107,11.28,5.15
2019,"Aaron Holiday","PG",71.75,187,79.5,97,10.96,6.4
2019,"Kevin Huerter","SG",78.25,194,79.5,101.5,10.89,8.6
2019,"Jaren Jackson","PF",81.75,236,89.25,110,NA,7.2
2019,"Justin Jackson","PF",78,229.4,87,105,NA,8.9
2019,"Alize Johnson","PF",79.25,216.6,80.75,103,11.83,8.1
2019,"George King","SF",76.75,218.6,83.5,101.5,10.75,7.25
2019,"Kevin Knox","SF",79.75,212.6,83.75,108,NA,4.95
2019,"Sagaba Konate","C",78.5,246,84,106.5,12.28,7.35
2019,"Caleb Martin","SF",76.75,195.8,82,101.5,10.43,7
2019,"Cody Martin","SG",76.75,188.6,82.25,102.5,10.64,5.45
2019,"Yante Maten","PF",79.25,246.2,84.5,107.5,11.35,8.1
2019,"Brandon McCoy","C",83.5,250.4,86,110.5,11.77,8.7
2019,"DeAnthony Melton","SG",74.25,193.2,80.5,99.5,11.48,5.2
2019,"Chimezie Metu","PF",80.5,219.6,84.5,108,11.89,5.05
2019,"Shake Milton","SG",76.5,207.2,84.75,99.5,11.07,6.8
2019,"Sviatoslav Mykhailiuk","SG",78.5,211.6,76.75,100,11.25,8.45
2019,"Malik Newman","SG",74.5,189.2,77.5,98.5,10.9,6.25
2019,"Josh Okogie","SG",75,210.8,84,102,11.08,5.2
2019,"Theo Pinson","SG",77,211.2,82.75,103.5,11.53,7.35
2019,"Jontay Porter","C",82,236,84.25,109,11.9,13.85
2019,"Michael Porter","SF",81.5,211,84.25,108.5,NA,6.4
2019,"Billy Preston","PF",80.75,222.4,86,108,11.26,5.45
2019,"Jerome Robinson","SG",76,188.4,79.25,98,NA,6.05
2019,"Collin Sexton","PG",72.5,183,79.25,98.5,NA,5.6
2019,"Landry Shamet","PG",76,188.6,78.75,100,11.26,4.85
2019,"Anfernee Simons","SG",74.25,183.2,81.25,99.5,11.27,7.7
2019,"Zhaire Smith","SF",74.75,198.6,81.75,100,11.02,6.05
2019,"Ray Spalding","PF",81,215.4,88.75,109,11.48,5.55
2019,"Omari Spellman","PF",80,253.8,86,107.5,12.28,13.75
2019,"Khyri Thomas","SG",74.5,198.8,82.5,101,10.96,6.4
2019,"Gary Trent","SG",76.25,204.2,80.75,98,11.37,7
2019,"Allonzo Trier","SG",75.75,198,78.75,98,11.02,4.95
2019,"Moritz Wagner","C",82.5,241.4,84,108,11.48,6.75
2019,"Lonnie Walker","SG",75.75,196.2,82.25,99.5,10.87,5.65
2019,"PJ Washington","PF",78.5,223,86.5,107,11.39,6.85
2019,"Austin Wiley","C",80.25,249.4,89,111,12.79,5
2019,"Kris Wilkes","SF",78.5,205,82.25,103.5,11.29,5.15
2019,"Kenrich Williams","SF",78,200.4,79.25,103.5,10.86,5.95
2019,"Trae Young","PG",72.5,177.8,75,95.5,NA,5.35
2020,"Nickeil Alexander-Walker","SG",76.25,203.8,81.5,102,NA,5.9
2020,"RJ Barrett","SF",NA,NA,NA,NA,NA,NA
2020,"Charles Bassey","C",80.75,239,87.5,109.5,12.65,8.5
2020,"Darius Bazley","PF",79.75,208.4,84,107,11.09,3.6
2020,"Bol Bol","C",84.75,208,91,115.5,NA,7.1
2020,"Jordan Bone","SG",73.5,179,75.25,95,9.97,5
2020,"Brian Bowen II","SF",78.25,200,82,103,10.98,6.5
2020,"Ky Bowman","PG",73,181.2,79,98,11.11,4.9
2020,"Ignas Brazdeikis","SF",77.75,220.8,81.25,102,11.06,6
2020,"O'Shae Brissett","SF",79,203.2,84,104,11.3,2.9
2020,"Moses Brown","C",85.25,237.2,88.75,113,11.95,7.8
2020,"Brandon Clarke","SF",79.25,207.2,80.25,102,10.61,4.9
2020,"Nicolas Claxton","C",82,216.6,86.5,110,11.26,4.5
2020,"Tyler Cook","PF",79.25,245.4,84.5,106.5,11.32,6.1
2020,"Jarrett Culver","SG",77.25,194.2,81.5,100.5,NA,5
2020,"Terence Davis","SG",75,192.4,80.75,101,10.69,4.1
2020,"Luguentz Dort","PG",74.75,222.2,80.5,99.5,10.79,5
2020,"Devon Dotson","PG",72,178.6,75.25,95.5,10.63,5.9
2020,"Carsen Edwards","PG",70.75,199.4,78,94.5,10.53,5.5
2020,"Tacko Fall","C",89.25,288.8,98.25,122.5,13.01,6.8
2020,"Bruno Fernando","C",80.75,237,87.25,110,11.29,5.4
2020,"Daniel Gafford","PF",81.25,237.6,86.5,110,11.61,5.9
2020,"Darius Garland","PG",NA,NA,NA,NA,NA,NA
2020,"Quentin Grimes","SG",76,209.6,79.75,100.5,10.83,8.4
2020,"Kyle Guy","SG",72.75,167.8,76.5,95.5,10.48,5.7
2020,"Jaylen Hands","PG",73.5,180.4,77.5,97,10.73,5.1
2020,"Jared Harper","PG",69.75,169.2,77.5,94,10.77,3.9
2020,"Jaxson Hayes","PF",82.25,218.6,87.5,110.5,11.74,5
2020,"Dewan Hernandez","C",81,232.8,85.75,107,11.46,6.1
2020,"Tyler Herro","SG",76.5,192.4,75.25,100.5,NA,7.1
2020,"Jalen Hoard","PF",79.25,212.6,84.75,105.5,11.44,6.7
2020,"Talen Horton-Tucker","SG",74.5,235.4,85.25,103,11.34,8.4
2020,"De'Andre Hunter","",NA,NA,NA,NA,NA,NA
2020,"DaQuan Jeffries","SF",76,215.6,83.25,104,NA,3.9
2020,"Ty Jerome","PG",76.25,194.4,76,98,11.21,6.5
2020,"Keldon Johnson","SG",76.75,216.4,81.25,104,NA,5.6
2020,"Cameron Johnson","SG",79,205.2,82,103,10.52,5.8
2020,"Mfiondu Kabengele","PF",80.75,256.2,87,109.5,11.21,5.1
2020,"Louis King","SF",78.75,195.2,84.25,104.5,10.99,4.8
2020,"Romeo Langford","SG",76.5,NA,83,103,NA,NA
2020,"Dedric Lawson","PF",79,233,86.25,107.5,11.8,8.9
2020,"Jalen Lecque","PG",74.5,185.2,80.5,98.5,11.09,4
2020,"Nassir Little","SF",76.5,224.2,85.25,104.5,12.15,5.9
2020,"Terance Mann","SG",76.75,204.6,79.75,101,11.51,4
2020,"Cody Martin","PG",76.75,192.2,82.25,102.5,10.44,5
2020,"Charles Matthews","SG",77,194.8,81.5,103,11.26,3.8
2020,"Jalen McDaniels","SF",80.25,191.6,84.25,105.5,11.54,5.7
2020,"Ja Morant","PG",NA,NA,NA,NA,NA,NA
2020,"Zach Norvell Jr.","SG",76.5,206.4,78,101,11.6,7.5
2020,"Jaylen Nowell","SG",75.25,202.4,79.25,98,10.76,6.1
2020,"Jordan Nwora","PF",77.75,220,82.5,103,NA,7.8
2020,"Chuma Okeke","",NA,NA,NA,NA,NA,NA
2020,"KZ Okpala","SF",79.25,209.6,85.75,106.5,10.88,4.6
2020,"Miye Oni","SG",76.25,205.6,82.75,100.5,11.71,4.9
2020,"Eric Paschall","SF",78,254.4,87.75,103.5,11.63,6.3
2020,"Reggie Perry","SF",80,250.8,84.5,106,12.46,6.7
2020,"Shamorie Ponds","PG",71.5,180,75.5,96.5,11.01,9.8
2020,"Jordan Poole","SG",75.5,190.8,78.75,99.5,10.59,7.5
2020,"Jontay Porter","PF",81.75,210.4,84,109.5,NA,8.5
2020,"Kevin Porter Jr.","SG",76,212.6,81,103,10.82,5.1
2020,"Neemias Queta","C",82.75,225.8,88.25,111.5,12.04,6.3
2020,"Cameron Reddish","SF",78.5,207.8,84.5,105.5,NA,4.7
2020,"Naz Reid","PF",80.25,255.8,87.25,109,12.03,14
2020,"Isaiah Roby","PF",79.25,214,85,106,10.63,3.9
2020,"Luka Samanic","PF",81.5,227.2,82.5,107,11.01,5.6
2020,"Admiral Schofield","SF",76,240.6,81.75,102.5,10.77,6.8
2020,"Marial Shayok","SF",76.5,196.8,84.25,103.5,11.16,4.7
2020,"Simisola Shittu","PF",80.5,227.2,85.25,106,11.85,6.2
2020,"Killian Tillie","",NA,NA,NA,NA,NA,NA
2020,"P.J. Washington","PF",78.5,230.4,86.5,106.5,NA,8.6
2020,"Tremont Waters","PG",69.5,172.4,74.25,93.5,10.76,6.6
2020,"Quinndary Weatherspoon","SG",75,206.6,81,100,11.57,6.1
2020,"Coby White","PG",75.5,191.4,77,97.5,NA,4.3
2020,"Kris Wilkes","SF",78.25,208.8,82.75,103,10.39,4.9
2020,"Grant Williams","PF",77.75,240.2,81.75,104.5,10.83,5.4
2020,"Zion Williamson","PF",NA,NA,NA,NA,NA,NA
2020,"Dylan Windler","SF",78.25,195.8,82,104.5,10.7,4.6
2021,"Precious Achiuwa","PF",79.5,234,84.75,108.5,NA,6.7
2021,"Ty-Shon Alexander","SG",74,200.8,80,100,11.33,12.3
2021,"Udoka Azubuike","C",82,259.5,91.25,109,11.82,9.61
2021,"Tyler Bey","PF",78,212.8,85.25,105.5,11.35,5
2021,"Yoeli Childs","PF",78,226.4,83.5,106,10.87,8.2
2021,"Mamadi Diakite","PF",80.5,222.1,87.75,107,11.95,7.83
2021,"Devon Dotson","PG",72.5,185.2,75,95,10.44,4.6
2021,"Paul Eboua","SF",78,222.2,87.5,108,10.79,3.8
2021,"CJ Elleby","SG",77.5,198.6,79.25,100.5,11.25,4.2
2021,"Trent Forrest","PG",75.5,203,79.5,102.5,11.04,5.65
2021,"Josh Green","SG",76.5,214,81.75,101.5,10.64,6.8
2021,"Ashton Hagans","PG",73.5,193,80,99.5,10.82,4.1
2021,"Joshua Hall","SF",78,196.6,83,104.5,12.16,7.6
2021,"Jalen Harris","SG",74.75,193.4,79,97.5,10.59,4.4
2021,"Markus Howard","PG",69.5,170.8,72.25,91.5,11.21,9.91
2021,"Elijah Hughes","SF",76.75,229,79.5,101.5,NA,10.2
2021,"Isaiah Joe","SG",75,170.4,79.5,101,NA,4.7
2021,"Mason Jones","SG",75.75,207.2,79,102.5,10.6,8.9
2021,"Nathan Knight","PF",80,235,86,109.5,11.56,8.2
2021,"Theo Maledon","PG",76,187.4,80.75,100.5,NA,2.8
2021,"Karim Mane","PG",77,196,83,102,11.52,3.73
2021,"Naji Marshall","SF",77.75,233.5,84.75,102.5,11.77,8.7
2021,"Kenyon Martin Jr.","SF",78,213.2,79.25,102,11.93,5.9
2021,"Skylar Mays","SG",75,204,78,99,10.65,7.4
2021,"Zeke Nnaji","PF",81.25,246.8,86,105.5,10.94,5.9
2021,"Jordan Nwora","SF",77.75,223,82.25,104,11.29,11.68
2021,"Reggie Perry","PF",80.25,249.6,84.25,106.5,11.26,8.4
2021,"Myles Powell","PG",72.5,194,79,99,NA,15.8
2021,"Immanuel Quickley","SG",74,185.8,80.25,99,11.21,8.2
2021,"Jahmi'us Ramsey","SG",74.5,193.4,78,100.5,NA,3.4
2021,"Paul Reed Jr.","PF",80.5,219.2,86,109.5,12.29,6.83
2021,"Nick Richards","C",82.5,241.6,86.25,110,11.42,8.5
2021,"Grant Riller","PG",72.25,178.4,77.25,96.5,11.17,5.4
2021,"Jayden Scrubb","SG",77,185.2,81.5,104.5,NA,3.7
2021,"Jalen Smith","PF",81.25,224.6,86.25,110,NA,3.7
2021,"Cassius Stanley","SG",77,201.6,79,99.5,11.4,5.8
2021,"Lamar Stevens","SF",77.75,228,81,101,10.35,6.8
2021,"Isaiah Stewart","C",79.25,243,88.75,108.5,NA,7.5
2021,"Tyrell Terry","PG",73.5,170,73.75,96,10.78,7.6
2021,"Killian Tillie","PF",80.75,221.6,80,106,11.6,12.43
2021,"Xavier Tillman Sr.","PF",79.5,266.5,86,106,11.8,8.5
2021,"Kaleb Wesson","C",81.25,252.6,87.5,111.5,11.73,12.5
2021,"Kahlil Whitney","SF",77.5,205,84.25,105.5,11.17,5.3
2021,"Cassius Winston","PG",72.5,196,78,97,11.15,9
2021,"Robert Woodard II","SF",77.5,230.2,86,105.5,11.1,4.5
2022,"Max Abmas","PG",70.5,161.8,73.75,94,10.9,5.5
2022,"Ochai Agbaji","SG",76.5,214.4,82,103.5,10.88,4.15
2022,"Marcus Bagley","SF",78,216.8,83,102.5,12.26,7.5
2022,"Scottie Barnes","SF",79,225.4,86.75,108,10.88,5.3
2022,"Charles Bassey","C",81.25,230.2,87,107.5,12.19,5.9
2022,"Brandon Boston Jr.","SF",77.75,188,82.75,104,NA,6
2022,"James Bouknight","SG",75.5,190,80.25,101.5,NA,5.5
2022,"Greg Brown III","PF",79.25,206.4,84.25,107,10.98,5.5
2022,"Jared Butler","PG",74.25,193,76,98.5,NA,5.1
2022,"Julian Champagnie","SF",78.5,217.4,82,106.5,12.38,8
2022,"Justin Champagnie","PF",77.75,206.4,81.5,104,11.94,6.3
2022,"Josh Christopher","SG",75.25,214.8,81.25,101,11.32,5.8
2022,"Sharife Cooper","PG",NA,NA,NA,NA,NA,NA
2022,"Cade Cunningham","PG",NA,NA,NA,NA,NA,NA
2022,"Ayo Dosunmu","SG",75.5,194.4,82.25,102,11.51,4.9
2022,"David Duke Jr.","SG",76.25,203.6,80.75,102.5,11.21,5.9
2022,"Kessler Edwards","PF",79,203,83.25,106,11.3,4.3
2022,"Luka Garza","C",82,242.8,85.5,107.5,11.9,11.7
2022,"RaiQuan Gray","PF",78.5,268.6,82.75,105,11.69,17.3
2022,"Jalen Green","SG",NA,NA,NA,NA,NA,NA
2022,"Quentin Grimes","SG",76,205,80,101,11.09,6.6
2022,"Sam Hauser","SF",78.75,217.4,81.25,102,11.14,7.9
2022,"Aaron Henry","SF",76.5,209.6,82.75,103.5,11.68,5.6
2022,"Ariel Hukporti","C",82.75,246,86.5,111.5,12.2,8.1
2022,"Matt Hurt","PF",80.5,232.4,81.5,106.5,11.44,15.2
2022,"Nah'Shon Hyland","SG",74,169,81.25,101.5,10.53,5.8
2022,"Isaiah Jackson","C",NA,NA,NA,NA,NA,NA
2022,"David Johnson","SG",75.25,202.8,82.5,104,12.02,7.5
2022,"Jalen Johnson","PF",79.75,209.6,84.25,106,NA,4.5
2022,"Keon Johnson","SG",75.5,184.8,79.25,97,11.45,4.4
2022,"Carlik Jones","PG",72,173.6,77,97.5,10.96,4.5
2022,"Kai Jones","PF",82,221.4,85.75,110.5,NA,4.7
2022,"Herbert Jones","SF",78,206.4,84.25,106,11.02,5.8
2022,"Johnny Juzang","SG",77.5,209,82.5,100.5,11.13,8
2022,"Corey Kispert","SF",78,223.8,79,102,10.91,6.8
2022,"Jonathan Kuminga","SF",NA,NA,NA,NA,NA,NA
2022,"AJ Lawson","SG",77.5,179.2,78.75,99.5,11,4.4
2022,"Scottie Lewis","SF",76,187.6,84,101.5,10.45,4.7
2022,"Isaiah Livers","SF",77.75,231.8,81.25,104.5,NA,9.4
2022,"Makur Maker","C",82.25,232.2,85.75,112,11.87,14.5
2022,"Sandro Mamukelashvili","C",81,239.8,85.25,106.5,11.63,7.8
2022,"Tre Mann","PG",75.25,177.6,76,98.5,NA,4.1
2022,"Matthew Mayer","PF",NA,NA,NA,NA,NA,NA
2022,"Miles McBride","PG",73,195.2,80.75,99.5,11.08,6
2022,"Davion Mitchell","PG",72,202.4,76.25,96.5,NA,6.2
2022,"Evan Mobley","PF",NA,NA,NA,NA,NA,NA
2022,"Isaiah Mobley","PF",80,238,87,107.5,12.7,12.9
2022,"Moses Moody","SG",76.5,210.6,84.75,105,NA,6.8
2022,"Trey Murphy III","SF",79.5,206,84,105.5,11.65,8.1
2022,"Daishen Nix","PG",75,225.6,78.75,100,11.72,11.8
2022,"John Petty Jr.","SG",76.5,186.2,81.5,103.5,11.51,5.6
2022,"Yves Pons","PF",77.5,206.4,84.75,104,10.89,4
2022,"Jason Preston","PG",75,180.6,80.5,100.5,10.82,5.45
2022,"Joshua Primo","SG",76,189,81.25,102.5,10.97,6.3
2022,"Roko Prkacin","PF",79.5,225.4,83,107,NA,7
2022,"Neemias Queta","C",83.25,248.4,88,112.5,11.85,7.6
2022,"Austin Reaves","SG",76.5,197.2,78.25,101,10.94,11
2022,"Jeremiah Robinson-Earl","PF",79.75,242.4,81.75,105.5,11.64,8.9
2022,"Terrence Shannon Jr.","SF",77.5,206.6,80.25,100,11.51,6.7
2022,"Day'Ron Sharpe","C",NA,NA,NA,NA,NA,NA
2022,"Jericho Sims","C",81,250.2,87.25,106,11.59,5.5
2022,"Jaden Springer","SG",75,202,79.75,99,11.46,6.3
2022,"DJ Steward","PG",72.75,162.2,79,98.5,11.14,5
2022,"Cam Thomas","SG",NA,NA,NA,NA,NA,NA
2022,"JT Thor","PF",80.5,203,87.25,110,12.19,6.1
2022,"Isaiah Todd","PF",80.75,219,85.25,107.5,11.38,6.2
2022,"Duane Washington Jr.","SG",74.25,196.8,79.75,101,11.5,5.1
2022,"Trendon Watford","PF",79.5,237.4,86.25,105,11.69,10.1
2022,"Joe Wieskamp","SF",77.75,204.8,83,103,10.7,4.1
2022,"Aaron Wiggins","SG",76.5,190,81.75,103,11.2,5
2022,"Ziaire Williams","SF",80.25,188.4,82.25,106.5,10.69,4.4
2022,"Moses Wright","PF",79.75,225.8,84.75,107,11.2,5.6
2022,"McKinley Wright IV","PG",71.25,192.2,77.25,94,10.76,6.7
2022,"Marcus Zegarowski","PG",72.75,180.8,74.75,96,11.47,7.2
